{
  "Version": 23,
  "Time": 1676877357,
  "Equipment": [
    {
      "name": "Armor01",
      "family": "Armor01",
      "class": "Equipment",
      "accessoryStars": 1,
      "secure": 1,
      "bundleNumber": 1,
      "flatAttack": 999999,
      "flatMaxHp": 9999999,
      "flatSpeed": 999,
      "visible": 1
    },
    {
      "name": "Pickaxe01",
      "family": "Pickaxe01",
      "class": "Equipment",
      "accessoryStars": 1,
      "secure": 1,
      "bundleNumber": 1,
      "flatAttack": 999999,
      "flatMaxHp": 9999999,
      "flatSpeed": 888,
      "visible": 1
    },
    {
      "name": "KukuriKnife01",
      "family": "KukuriKnife01",
      "class": "Equipment",
      "accessoryStars": 1,
      "secure": 1,
      "bundleNumber": 1,
      "flatAttack": 999999,
      "flatMaxHp": 9999999,
      "flatSpeed": 777,
      "visible": 1
    },
    {
      "name": "CobraRod01",
      "family": "CobraRod01",
      "class": "Equipment",
      "accessoryStars": 1,
      "secure": 1,
      "bundleNumber": 1,
      "flatAttack": 999999,
      "flatMaxHp": 9999999,
      "flatSpeed": 666,
      "visible": 1
    },
    {
      "name": "HawkCoin01",
      "family": "HawkCoin01",
      "class": "Equipment",
      "accessoryStars": 2,
      "secure": 1,
      "bundleNumber": 1,
      "flatAttack": 60,
      "flatMaxHp": 160,
      "flatSpeed": 8,
      "visible": 1
    },
    {
      "name": "Bracelet01",
      "family": "Bracelet01",
      "class": "Equipment",
      "accessoryStars": 2,
      "secure": 1,
      "bundleNumber": 1,
      "flatAttack": 20,
      "flatMaxHp": 320,
      "flatSpeed": 0,
      "visible": 1
    },
    {
      "name": "Gauntlet01",
      "family": "Gauntlet01",
      "class": "Equipment",
      "accessoryStars": 2,
      "secure": 1,
      "bundleNumber": 1,
      "flatAttack": 40,
      "flatMaxHp": 240,
      "flatSpeed": 8,
      "visible": 1
    },
    {
      "name": "AlchemyFlask01",
      "family": "AlchemyFlask01",
      "class": "Equipment",
      "accessoryStars": 2,
      "secure": 1,
      "bundleNumber": 1,
      "flatAttack": 40,
      "flatMaxHp": 160,
      "flatSpeed": 12,
      "visible": 1
    },
    {
      "name": "GreenRing01",
      "family": "GreenRing01",
      "class": "Equipment",
      "accessoryStars": 2,
      "secure": 1,
      "bundleNumber": 1,
      "flatAttack": 80,
      "flatMaxHp": 80,
      "flatSpeed": 0,
      "visible": 1
    },
    {
      "name": "Girdle01",
      "family": "Girdle01",
      "class": "Equipment",
      "accessoryStars": 2,
      "secure": 1,
      "bundleNumber": 1,
      "flatAttack": 0,
      "flatMaxHp": 400,
      "flatSpeed": 0,
      "visible": 1
    },
    {
      "name": "RedRings01",
      "family": "RedRings01",
      "class": "Equipment",
      "accessoryStars": 2,
      "secure": 1,
      "bundleNumber": 1,
      "flatAttack": 100,
      "flatMaxHp": 0,
      "flatSpeed": 0,
      "visible": 1
    },
    {
      "name": "Bracer01",
      "family": "Bracer01",
      "class": "Equipment",
      "accessoryStars": 3,
      "secure": 1,
      "bundleNumber": 1,
      "flatAttack": 120,
      "flatMaxHp": 320,
      "flatSpeed": 12,
      "visible": 1
    },
    {
      "name": "Earrings01",
      "family": "Earrings01",
      "class": "Equipment",
      "accessoryStars": 3,
      "secure": 1,
      "bundleNumber": 1,
      "flatAttack": 40,
      "flatMaxHp": 640,
      "flatSpeed": 0,
      "visible": 1
    },
    {
      "name": "Feathers01",
      "family": "Feathers01",
      "class": "Equipment",
      "accessoryStars": 3,
      "secure": 1,
      "bundleNumber": 1,
      "flatAttack": 80,
      "flatMaxHp": 320,
      "flatSpeed": 18,
      "visible": 1
    },
    {
      "name": "Skirt01",
      "family": "Skirt01",
      "class": "Equipment",
      "accessoryStars": 3,
      "secure": 1,
      "bundleNumber": 1,
      "flatAttack": 80,
      "flatMaxHp": 480,
      "flatSpeed": 12,
      "visible": 1
    },
    {
      "name": "LimePotion01",
      "family": "LimePotion01",
      "class": "Equipment",
      "accessoryStars": 3,
      "secure": 1,
      "bundleNumber": 1,
      "flatAttack": 0,
      "flatMaxHp": 800,
      "flatSpeed": 0,
      "visible": 1
    },
    {
      "name": "RedGreenDroplet01",
      "family": "RedGreenDroplet01",
      "class": "Equipment",
      "accessoryStars": 3,
      "secure": 1,
      "bundleNumber": 1,
      "flatAttack": 160,
      "flatMaxHp": 160,
      "flatSpeed": 0,
      "visible": 1
    },
    {
      "name": "BronzePickaxe01",
      "family": "BronzePickaxe01",
      "class": "Equipment",
      "accessoryStars": 3,
      "secure": 1,
      "bundleNumber": 1,
      "flatAttack": 200,
      "flatMaxHp": 0,
      "flatSpeed": 0,
      "visible": 1
    },
    {
      "name": "RitualBlade01",
      "family": "RitualBlade01",
      "class": "Equipment",
      "accessoryStars": 4,
      "secure": 1,
      "bundleNumber": 1,
      "flatAttack": 880,
      "flatMaxHp": 990,
      "flatSpeed": 0,
      "visible": 1
    },
    {
      "name": "Crown01",
      "family": "Crown01",
      "class": "Equipment",
      "accessoryStars": 4,
      "secure": 1,
      "bundleNumber": 1,
      "flatAttack": 0,
      "flatMaxHp": 3960,
      "flatSpeed": 8,
      "visible": 1
    },
    {
      "name": "HookKnife01",
      "family": "HookKnife01",
      "class": "Equipment",
      "accessoryStars": 4,
      "secure": 1,
      "bundleNumber": 1,
      "flatAttack": 660,
      "flatMaxHp": 1980,
      "flatSpeed": 16,
      "visible": 1
    },
    {
      "name": "Cape01",
      "family": "Cape01",
      "class": "Equipment",
      "accessoryStars": 4,
      "secure": 1,
      "bundleNumber": 1,
      "flatAttack": 0,
      "flatMaxHp": 4725,
      "flatSpeed": 0,
      "visible": 1
    },
    {
      "name": "WingTiara01",
      "family": "WingTiara01",
      "class": "Equipment",
      "accessoryStars": 4,
      "secure": 1,
      "bundleNumber": 1,
      "flatAttack": 440,
      "flatMaxHp": 1980,
      "flatSpeed": 24,
      "visible": 1
    },
    {
      "name": "EvilLapelPin01",
      "family": "EvilLapelPin01",
      "class": "Equipment",
      "accessoryStars": 4,
      "secure": 1,
      "bundleNumber": 1,
      "flatAttack": 440,
      "flatMaxHp": 2970,
      "flatSpeed": 16,
      "visible": 1
    },
    {
      "name": "Luther01SwordAcc01",
      "family": "Luther01SwordAcc01",
      "class": "Equipment",
      "accessoryStars": 4,
      "secure": 1,
      "bundleNumber": 1,
      "flatAttack": 608,
      "flatMaxHp": 3293,
      "flatSpeed": 0
    },
    {
      "name": "RedKnightHelm01",
      "family": "RedKnightHelm01",
      "class": "Equipment",
      "accessoryStars": 5,
      "secure": 1,
      "bundleNumber": 1,
      "flatAttack": 510,
      "flatMaxHp": 2550,
      "flatSpeed": 26,
      "visible": 1
    },
    {
      "name": "SziFire01",
      "family": "SziFire01",
      "class": "Equipment",
      "accessoryStars": 4,
      "secure": 1,
      "bundleNumber": 1,
      "flatAttack": 200,
      "flatMaxHp": 4000,
      "flatSpeed": 0,
      "visible": 1
    },
    {
      "name": "DragonRings01",
      "family": "DragonRings01",
      "class": "Equipment",
      "accessoryStars": 4,
      "secure": 1,
      "bundleNumber": 1,
      "flatAttack": 1100,
      "flatMaxHp": 0,
      "flatSpeed": 0,
      "visible": 1
    },
    {
      "name": "AliceRabbitDoll01",
      "family": "AliceRabbitDoll01",
      "class": "Equipment",
      "accessoryStars": 4,
      "secure": 1,
      "bundleNumber": 1,
      "flatAttack": 460,
      "flatMaxHp": 2300,
      "flatSpeed": 28,
      "visible": 1
    },
    {
      "name": "LunaNote01",
      "family": "LunaNote01",
      "class": "Equipment",
      "accessoryStars": 4,
      "secure": 1,
      "bundleNumber": 1,
      "flatAttack": 0,
      "flatMaxHp": 4600,
      "flatSpeed": 9,
      "visible": 1
    },
    {
      "name": "SakuraArmor01",
      "family": "SakuraArmor01",
      "class": "Equipment",
      "accessoryStars": 5,
      "secure": 1,
      "bundleNumber": 1,
      "flatAttack": 692,
      "flatMaxHp": 5193,
      "flatSpeed": 24,
      "visible": 1
    },
    {
      "name": "LudmillaGauntlet01",
      "family": "LudmillaGauntlet01",
      "class": "Equipment",
      "accessoryStars": 4,
      "secure": 1,
      "bundleNumber": 1,
      "flatAttack": 238,
      "flatMaxHp": 4606,
      "flatSpeed": 0,
      "visible": 1
    },
    {
      "name": "MyshaPauldron01",
      "family": "MyshaPauldron01",
      "class": "Equipment",
      "accessoryStars": 4,
      "secure": 1,
      "bundleNumber": 1,
      "flatAttack": 221,
      "flatMaxHp": 4121,
      "flatSpeed": 19,
      "visible": 1
    },
    {
      "name": "SwimRing01",
      "family": "SwimRing01",
      "class": "Equipment",
      "accessoryStars": 5,
      "secure": 1,
      "bundleNumber": 1,
      "flatAttack": 887,
      "flatMaxHp": 4128,
      "flatSpeed": 27,
      "visible": 1
    },
    {
      "name": "Pearl01",
      "family": "Pearl01",
      "class": "Equipment",
      "accessoryStars": 5,
      "secure": 1,
      "bundleNumber": 1,
      "flatAttack": 980,
      "flatMaxHp": 3873,
      "flatSpeed": 20,
      "visible": 1
    },
    {
      "name": "BlackBelt01",
      "family": "BlackBelt01",
      "class": "Equipment",
      "accessoryStars": 5,
      "secure": 1,
      "bundleNumber": 1,
      "flatAttack": 1075,
      "flatMaxHp": 3488,
      "flatSpeed": 17
    },
    {
      "name": "RizetteBelt01",
      "family": "RizetteBelt01",
      "class": "Equipment",
      "accessoryStars": 5,
      "secure": 1,
      "bundleNumber": 1,
      "flatAttack": 755,
      "flatMaxHp": 4758,
      "flatSpeed": 28,
      "visible": 1
    },
    {
      "name": "AstridHairpin01",
      "family": "AstridHairpin01",
      "class": "Equipment",
      "accessoryStars": 5,
      "secure": 1,
      "bundleNumber": 1,
      "flatAttack": 1199,
      "flatMaxHp": 2882,
      "flatSpeed": 16,
      "visible": 1
    },
    {
      "name": "RolotiaClock01",
      "family": "RolotiaClock01",
      "class": "Equipment",
      "accessoryStars": 5,
      "secure": 1,
      "bundleNumber": 1,
      "flatAttack": 427,
      "flatMaxHp": 6116,
      "flatSpeed": 29,
      "visible": 1
    },
    {
      "name": "ValkyrieMedal01",
      "family": "ValkyrieMedal01",
      "class": "Equipment",
      "accessoryStars": 5,
      "secure": 1,
      "bundleNumber": 1,
      "flatAttack": 654,
      "flatMaxHp": 5678,
      "flatSpeed": 14,
      "visible": 1
    },
    {
      "name": "LudmillaJacket01",
      "family": "LudmillaJacket01",
      "class": "Equipment",
      "accessoryStars": 5,
      "secure": 1,
      "bundleNumber": 1,
      "flatAttack": 1001,
      "flatMaxHp": 4004,
      "flatSpeed": 12,
      "visible": 1
    },
    {
      "name": "HymeliaCrown01",
      "family": "HymeliaCrown01",
      "class": "Equipment",
      "accessoryStars": 5,
      "secure": 1,
      "bundleNumber": 1,
      "flatAttack": 522,
      "flatMaxHp": 5874,
      "flatSpeed": 29,
      "visible": 1
    },
    {
      "name": "DragonShield01",
      "family": "DragonShield01",
      "class": "Equipment",
      "accessoryStars": 5,
      "secure": 1,
      "bundleNumber": 1,
      "flatAttack": 357,
      "flatMaxHp": 6600,
      "flatSpeed": 25,
      "visible": 1
    },
    {
      "name": "CrystalBeads01",
      "family": "CrystalBeads01",
      "class": "Equipment",
      "accessoryStars": 5,
      "secure": 1,
      "bundleNumber": 1,
      "flatAttack": 842,
      "flatMaxHp": 5115,
      "flatSpeed": 18,
      "visible": 1
    },
    {
      "name": "YukiSunHat01",
      "family": "YukiSunHat01",
      "class": "Equipment",
      "accessoryStars": 5,
      "secure": 1,
      "bundleNumber": 1,
      "flatAttack": 626,
      "flatMaxHp": 6284,
      "flatSpeed": 12,
      "visible": 1
    },
    {
      "name": "RolotiaSwimsuitClock01",
      "family": "RolotiaSwimsuitClock01",
      "class": "Equipment",
      "accessoryStars": 5,
      "secure": 1,
      "bundleNumber": 1,
      "flatAttack": 1122,
      "flatMaxHp": 3434,
      "flatSpeed": 23,
      "visible": 1
    },
    {
      "name": "Endbringer01",
      "family": "Endbringer01",
      "class": "Equipment",
      "accessoryStars": 6,
      "secure": 1,
      "bundleNumber": 1,
      "flatAttack": 440,
      "flatMaxHp": 1980,
      "flatSpeed": 24
    },
    {
      "name": "DragonfireBottle01",
      "family": "DragonfireBottle01",
      "class": "Equipment",
      "accessoryStars": 5,
      "secure": 1,
      "bundleNumber": 1,
      "flatAttack": 1225,
      "flatMaxHp": 3286,
      "flatSpeed": 8,
      "visible": 1
    },
    {
      "name": "EnchantedRing01",
      "family": "EnchantedRing01",
      "class": "Equipment",
      "accessoryStars": 5,
      "secure": 1,
      "bundleNumber": 1,
      "flatAttack": 959,
      "flatMaxHp": 4884,
      "flatSpeed": 2,
      "visible": 1
    },
    {
      "name": "OniSchoolbag01",
      "family": "OniSchoolbag01",
      "class": "Equipment",
      "accessoryStars": 5,
      "secure": 1,
      "bundleNumber": 1,
      "flatAttack": 1234,
      "flatMaxHp": 3579,
      "flatSpeed": 14,
      "visible": 1
    },
    {
      "name": "DragonPlushie01",
      "family": "DragonPlushie01",
      "class": "Equipment",
      "accessoryStars": 5,
      "secure": 1,
      "bundleNumber": 1,
      "flatAttack": 900,
      "flatMaxHp": 4700,
      "flatSpeed": 29,
      "visible": 1
    },
    {
      "name": "IdolMic01",
      "family": "IdolMic01",
      "class": "Equipment",
      "accessoryStars": 5,
      "secure": 1,
      "bundleNumber": 1,
      "flatAttack": 486,
      "flatMaxHp": 7007,
      "flatSpeed": 25,
      "visible": 1
    },
    {
      "name": "GlassSyringe01",
      "family": "GlassSyringe01",
      "class": "Equipment",
      "accessoryStars": 5,
      "secure": 1,
      "bundleNumber": 1,
      "flatAttack": 1050,
      "flatMaxHp": 5217,
      "flatSpeed": 24,
      "visible": 1
    },
    {
      "name": "Katashiro01",
      "family": "Katashiro01",
      "class": "Equipment",
      "accessoryStars": 5,
      "secure": 1,
      "bundleNumber": 1,
      "flatAttack": 888,
      "flatMaxHp": 6336,
      "flatSpeed": 13,
      "visible": 1
    },
    {
      "name": "BlackSnowCrown01",
      "family": "BlackSnowCrown01",
      "class": "Equipment",
      "accessoryStars": 5,
      "secure": 1,
      "bundleNumber": 1,
      "flatAttack": 1014,
      "flatMaxHp": 5517,
      "flatSpeed": 20,
      "visible": 1
    },
    {
      "name": "MaidHairBand01",
      "family": "MaidHairBand01",
      "class": "Equipment",
      "accessoryStars": 5,
      "secure": 1,
      "bundleNumber": 1,
      "flatAttack": 1289,
      "flatMaxHp": 3939,
      "flatSpeed": 26,
      "visible": 1
    },
    {
      "name": "BunnyHairBand01",
      "family": "BunnyHairBand01",
      "class": "Equipment",
      "accessoryStars": 5,
      "secure": 1,
      "bundleNumber": 1,
      "flatAttack": 800,
      "flatMaxHp": 6777,
      "flatSpeed": 21,
      "visible": 1
    },
    {
      "name": "ChampionBelt01",
      "family": "ChampionBelt01",
      "class": "Equipment",
      "accessoryStars": 5,
      "secure": 1,
      "bundleNumber": 1,
      "flatAttack": 1250,
      "flatMaxHp": 5000,
      "flatSpeed": 5,
      "visible": 1
    },
    {
      "name": "CyrusRings01",
      "family": "CyrusRings01",
      "class": "Equipment",
      "accessoryStars": 5,
      "secure": 1,
      "bundleNumber": 1,
      "flatAttack": 1333,
      "flatMaxHp": 5050,
      "flatSpeed": 27,
      "visible": 1
    },
    {
      "name": "SquidArmor01",
      "family": "SquidArmor01",
      "class": "Equipment",
      "accessoryStars": 5,
      "secure": 1,
      "bundleNumber": 1,
      "flatAttack": 898,
      "flatMaxHp": 7627,
      "flatSpeed": 18,
      "visible": 1
    },
    {
      "name": "JeanneFlag01",
      "family": "JeanneFlag01",
      "class": "Equipment",
      "accessoryStars": 6,
      "secure": 1,
      "bundleNumber": 1,
      "flatAttack": 2010,
      "flatMaxHp": 9882,
      "flatSpeed": 16,
      "visible": 1
    },
    {
      "name": "ThunderlingHelmet01",
      "family": "ThunderlingHelmet01",
      "class": "Equipment",
      "accessoryStars": 6,
      "secure": 1,
      "bundleNumber": 1,
      "flatAttack": 1949,
      "flatMaxHp": 10457,
      "flatSpeed": 7,
      "visible": 1
    },
    {
      "name": "EternalRing01",
      "family": "EternalRing01",
      "class": "Equipment",
      "accessoryStars": 6,
      "secure": 1,
      "bundleNumber": 1,
      "flatAttack": 2116,
      "flatMaxHp": 9229,
      "flatSpeed": 24,
      "visible": 1
    }
  ]
}